SNP,chr,pos,beta.outcome,se.outcome,samplesize.outcome,pval.outcome,eaf.outcome,effect_allele.outcome,other_allele.outcome,outcome,id.outcome,originalname.outcome,outcome.deprecated,mr_keep.outcome,data_source.outcome
rs12740456,1,154814197,-0.012355,0.019806,520580,0.533,0.162,A,C,Type 1 diabetes || id:ebi-a-GCST90014023,ebi-a-GCST90014023,Type 1 diabetes,Type 1 diabetes ||  || ,TRUE,igd
rs191832299,1,158136017,-0.070123,0.06136,520580,0.253,0.0175,T,C,Type 1 diabetes || id:ebi-a-GCST90014023,ebi-a-GCST90014023,Type 1 diabetes,Type 1 diabetes ||  || ,TRUE,igd
rs12410496,1,157347856,0.002561,0.016611,520580,0.877,0.687,A,G,Type 1 diabetes || id:ebi-a-GCST90014023,ebi-a-GCST90014023,Type 1 diabetes,Type 1 diabetes ||  || ,TRUE,igd
rs6696954,1,66054995,-0.018565,0.015031,520580,0.217,0.672,G,T,Type 1 diabetes || id:ebi-a-GCST90014023,ebi-a-GCST90014023,Type 1 diabetes,Type 1 diabetes ||  || ,TRUE,igd
rs62248848,3,42660862,-0.002086,0.023948,520580,0.931,0.107,T,C,Type 1 diabetes || id:ebi-a-GCST90014023,ebi-a-GCST90014023,Type 1 diabetes,Type 1 diabetes ||  || ,TRUE,igd
rs2681406,3,121781885,0.007749,0.018455,520580,0.675,0.197,C,T,Type 1 diabetes || id:ebi-a-GCST90014023,ebi-a-GCST90014023,Type 1 diabetes,Type 1 diabetes ||  || ,TRUE,igd
rs76239650,5,95358224,-0.01704,0.024689,520580,0.49,0.103,A,C,Type 1 diabetes || id:ebi-a-GCST90014023,ebi-a-GCST90014023,Type 1 diabetes,Type 1 diabetes ||  || ,TRUE,igd
rs144329796,5,95256560,0.129151,0.056837,520580,0.0230999,0.0158,C,G,Type 1 diabetes || id:ebi-a-GCST90014023,ebi-a-GCST90014023,Type 1 diabetes,Type 1 diabetes ||  || ,TRUE,igd
rs184720088,5,95878673,0.049352,0.063344,520580,0.436,0.013,A,G,Type 1 diabetes || id:ebi-a-GCST90014023,ebi-a-GCST90014023,Type 1 diabetes,Type 1 diabetes ||  || ,TRUE,igd
rs6549404,3,71764196,-0.013361,0.017304,520580,0.44,0.279,A,T,Type 1 diabetes || id:ebi-a-GCST90014023,ebi-a-GCST90014023,Type 1 diabetes,Type 1 diabetes ||  || ,TRUE,igd
rs4677042,3,71781701,-0.03848,0.023376,520580,0.0997011,0.113,G,C,Type 1 diabetes || id:ebi-a-GCST90014023,ebi-a-GCST90014023,Type 1 diabetes,Type 1 diabetes ||  || ,TRUE,igd
rs7674623,4,80794681,-0.010536,0.018386,520580,0.567,0.189,T,C,Type 1 diabetes || id:ebi-a-GCST90014023,ebi-a-GCST90014023,Type 1 diabetes,Type 1 diabetes ||  || ,TRUE,igd
rs10336,4,76922988,0.040756,0.013937,520580,0.00345001,0.519,G,A,Type 1 diabetes || id:ebi-a-GCST90014023,ebi-a-GCST90014023,Type 1 diabetes,Type 1 diabetes ||  || ,TRUE,igd
rs62389053,5,157290951,-0.020435,0.020827,520580,0.327,0.138,T,C,Type 1 diabetes || id:ebi-a-GCST90014023,ebi-a-GCST90014023,Type 1 diabetes,Type 1 diabetes ||  || ,TRUE,igd
rs114146801,5,156037834,0.081545,0.050918,520580,0.109,0.0228,T,C,Type 1 diabetes || id:ebi-a-GCST90014023,ebi-a-GCST90014023,Type 1 diabetes,Type 1 diabetes ||  || ,TRUE,igd
rs12192369,6,105777378,-0.005862,0.020727,520580,0.777,0.143,G,A,Type 1 diabetes || id:ebi-a-GCST90014023,ebi-a-GCST90014023,Type 1 diabetes,Type 1 diabetes ||  || ,TRUE,igd
rs10250602,7,23303701,-0.013825,0.014555,520580,0.342,0.348,C,T,Type 1 diabetes || id:ebi-a-GCST90014023,ebi-a-GCST90014023,Type 1 diabetes,Type 1 diabetes ||  || ,TRUE,igd
rs7781145,7,23626602,0.005246,0.01634,520580,0.748001,0.246,A,C,Type 1 diabetes || id:ebi-a-GCST90014023,ebi-a-GCST90014023,Type 1 diabetes,Type 1 diabetes ||  || ,TRUE,igd
rs41316148,6,31976752,-0.030696,0.230081,520580,0.894,0.0112,C,T,Type 1 diabetes || id:ebi-a-GCST90014023,ebi-a-GCST90014023,Type 1 diabetes,Type 1 diabetes ||  || ,TRUE,igd
rs3094588,6,31362341,-0.23833,0.053365,520580,7.97003e-06,0.195,G,T,Type 1 diabetes || id:ebi-a-GCST90014023,ebi-a-GCST90014023,Type 1 diabetes,Type 1 diabetes ||  || ,TRUE,igd
rs2261033,6,31603591,0.231626,0.015384,520580,3.12033e-51,0.466,G,A,Type 1 diabetes || id:ebi-a-GCST90014023,ebi-a-GCST90014023,Type 1 diabetes,Type 1 diabetes ||  || ,TRUE,igd
rs6457457,6,31878108,-0.303151,0.031828,520580,1.65997e-21,0.0807,T,C,Type 1 diabetes || id:ebi-a-GCST90014023,ebi-a-GCST90014023,Type 1 diabetes,Type 1 diabetes ||  || ,TRUE,igd
rs8111,6,32083175,0.104513,0.01728,520580,1.45999e-09,0.257,T,C,Type 1 diabetes || id:ebi-a-GCST90014023,ebi-a-GCST90014023,Type 1 diabetes,Type 1 diabetes ||  || ,TRUE,igd
rs79729143,7,129673655,-0.012452,0.059098,520580,0.833,0.0196,C,T,Type 1 diabetes || id:ebi-a-GCST90014023,ebi-a-GCST90014023,Type 1 diabetes,Type 1 diabetes ||  || ,TRUE,igd
rs56155312,7,129932122,0.020127,0.018452,520580,0.275,0.257,T,C,Type 1 diabetes || id:ebi-a-GCST90014023,ebi-a-GCST90014023,Type 1 diabetes,Type 1 diabetes ||  || ,TRUE,igd
rs140157947,6,105870192,-0.01324,0.047211,520580,0.778999,0.0254,A,G,Type 1 diabetes || id:ebi-a-GCST90014023,ebi-a-GCST90014023,Type 1 diabetes,Type 1 diabetes ||  || ,TRUE,igd
rs76204461,11,18515062,0.072564,0.028248,520580,0.0102,0.0913,T,C,Type 1 diabetes || id:ebi-a-GCST90014023,ebi-a-GCST90014023,Type 1 diabetes,Type 1 diabetes ||  || ,TRUE,igd
rs114001906,10,51799688,-0.034727,0.046764,520580,0.457999,0.0309,C,T,Type 1 diabetes || id:ebi-a-GCST90014023,ebi-a-GCST90014023,Type 1 diabetes,Type 1 diabetes ||  || ,TRUE,igd
rs10998638,10,70961105,0.010356,0.017733,520580,0.559,0.257,C,G,Type 1 diabetes || id:ebi-a-GCST90014023,ebi-a-GCST90014023,Type 1 diabetes,Type 1 diabetes ||  || ,TRUE,igd
rs12722497,10,6095928,-0.04106,0.024781,520580,0.097499,0.0846,A,C,Type 1 diabetes || id:ebi-a-GCST90014023,ebi-a-GCST90014023,Type 1 diabetes,Type 1 diabetes ||  || ,TRUE,igd
rs571429629,10,51934446,-0.00592,0.131604,520580,0.964,0.0353,T,A,Type 1 diabetes || id:ebi-a-GCST90014023,ebi-a-GCST90014023,Type 1 diabetes,Type 1 diabetes ||  || ,TRUE,igd
rs17055305,13,37882220,-0.004095,0.015866,520580,0.796,0.302,G,A,Type 1 diabetes || id:ebi-a-GCST90014023,ebi-a-GCST90014023,Type 1 diabetes,Type 1 diabetes ||  || ,TRUE,igd
rs9532075,13,38104196,0.001646,0.015343,520580,0.915,0.377,T,G,Type 1 diabetes || id:ebi-a-GCST90014023,ebi-a-GCST90014023,Type 1 diabetes,Type 1 diabetes ||  || ,TRUE,igd
rs9594222,13,38127202,0.026948,0.02406,520580,0.263,0.109,T,C,Type 1 diabetes || id:ebi-a-GCST90014023,ebi-a-GCST90014023,Type 1 diabetes,Type 1 diabetes ||  || ,TRUE,igd
rs8002559,13,37733843,-0.018669,0.015582,520580,0.231,0.414,A,C,Type 1 diabetes || id:ebi-a-GCST90014023,ebi-a-GCST90014023,Type 1 diabetes,Type 1 diabetes ||  || ,TRUE,igd
rs700363,13,77575396,0.065462,0.027194,520580,0.0161002,0.0755,A,G,Type 1 diabetes || id:ebi-a-GCST90014023,ebi-a-GCST90014023,Type 1 diabetes,Type 1 diabetes ||  || ,TRUE,igd
rs111391792,14,21343487,-0.003097,0.031359,520580,0.921,0.071,C,T,Type 1 diabetes || id:ebi-a-GCST90014023,ebi-a-GCST90014023,Type 1 diabetes,Type 1 diabetes ||  || ,TRUE,igd
rs147307766,14,21385991,-0.002296,0.03639,520580,0.95,0.0477,T,C,Type 1 diabetes || id:ebi-a-GCST90014023,ebi-a-GCST90014023,Type 1 diabetes,Type 1 diabetes ||  || ,TRUE,igd
rs2106331,17,49737906,0.002532,0.015664,520580,0.872,0.34,A,G,Type 1 diabetes || id:ebi-a-GCST90014023,ebi-a-GCST90014023,Type 1 diabetes,Type 1 diabetes ||  || ,TRUE,igd
rs72773434,16,798536,0.001655,0.056511,520580,0.977,0.0244,A,C,Type 1 diabetes || id:ebi-a-GCST90014023,ebi-a-GCST90014023,Type 1 diabetes,Type 1 diabetes ||  || ,TRUE,igd
rs147660174,15,79962229,0.058412,0.032158,520580,0.0692995,0.0589,A,G,Type 1 diabetes || id:ebi-a-GCST90014023,ebi-a-GCST90014023,Type 1 diabetes,Type 1 diabetes ||  || ,TRUE,igd
rs8043145,15,80100934,-0.023328,0.020135,520580,0.247,0.165,A,G,Type 1 diabetes || id:ebi-a-GCST90014023,ebi-a-GCST90014023,Type 1 diabetes,Type 1 diabetes ||  || ,TRUE,igd
rs12439197,15,80639805,0.000741,0.019153,520580,0.969,0.174,C,T,Type 1 diabetes || id:ebi-a-GCST90014023,ebi-a-GCST90014023,Type 1 diabetes,Type 1 diabetes ||  || ,TRUE,igd
rs2494748,14,105258892,-0.00085,0.016326,520580,0.958,0.614,T,C,Type 1 diabetes || id:ebi-a-GCST90014023,ebi-a-GCST90014023,Type 1 diabetes,Type 1 diabetes ||  || ,TRUE,igd
rs7199565,16,444608,0.014016,0.017117,520580,0.413,0.412,A,T,Type 1 diabetes || id:ebi-a-GCST90014023,ebi-a-GCST90014023,Type 1 diabetes,Type 1 diabetes ||  || ,TRUE,igd
rs35391516,16,1843816,0.01027,0.02712,520580,0.705,0.0798,A,G,Type 1 diabetes || id:ebi-a-GCST90014023,ebi-a-GCST90014023,Type 1 diabetes,Type 1 diabetes ||  || ,TRUE,igd
rs73517819,19,14515510,-0.026747,0.050786,520580,0.598,0.0279,T,C,Type 1 diabetes || id:ebi-a-GCST90014023,ebi-a-GCST90014023,Type 1 diabetes,Type 1 diabetes ||  || ,TRUE,igd
rs10415576,19,50164390,-0.029697,0.016496,520580,0.0717993,0.363,C,T,Type 1 diabetes || id:ebi-a-GCST90014023,ebi-a-GCST90014023,Type 1 diabetes,Type 1 diabetes ||  || ,TRUE,igd
rs192288566,19,55178933,-0.046309,0.047703,520580,0.332,0.0296,C,G,Type 1 diabetes || id:ebi-a-GCST90014023,ebi-a-GCST90014023,Type 1 diabetes,Type 1 diabetes ||  || ,TRUE,igd
rs76543168,19,14161636,-0.130722,0.097891,520580,0.182,0.00803,T,C,Type 1 diabetes || id:ebi-a-GCST90014023,ebi-a-GCST90014023,Type 1 diabetes,Type 1 diabetes ||  || ,TRUE,igd
rs7253270,19,36010258,0.010186,0.016271,520580,0.531001,0.342,A,G,Type 1 diabetes || id:ebi-a-GCST90014023,ebi-a-GCST90014023,Type 1 diabetes,Type 1 diabetes ||  || ,TRUE,igd
rs113030590,21,47585687,-0.002398,0.050612,520580,0.962,0.0243,A,G,Type 1 diabetes || id:ebi-a-GCST90014023,ebi-a-GCST90014023,Type 1 diabetes,Type 1 diabetes ||  || ,TRUE,igd
rs2154576,21,48006209,0.023007,0.025756,520580,0.372,0.0969,G,A,Type 1 diabetes || id:ebi-a-GCST90014023,ebi-a-GCST90014023,Type 1 diabetes,Type 1 diabetes ||  || ,TRUE,igd
rs8139993,22,41995335,-0.054823,0.018637,520580,0.00326002,0.202,C,T,Type 1 diabetes || id:ebi-a-GCST90014023,ebi-a-GCST90014023,Type 1 diabetes,Type 1 diabetes ||  || ,TRUE,igd
rs36149452,22,50296492,0.056871,0.097376,520580,0.559,0.0484,C,T,Type 1 diabetes || id:ebi-a-GCST90014023,ebi-a-GCST90014023,Type 1 diabetes,Type 1 diabetes ||  || ,TRUE,igd
rs61735836,21,47572887,-0.037741,0.045313,520580,0.405,0.0445,T,C,Type 1 diabetes || id:ebi-a-GCST90014023,ebi-a-GCST90014023,Type 1 diabetes,Type 1 diabetes ||  || ,TRUE,igd
rs5758150,22,41376734,0.009221,0.014997,520580,0.539,0.541,C,T,Type 1 diabetes || id:ebi-a-GCST90014023,ebi-a-GCST90014023,Type 1 diabetes,Type 1 diabetes ||  || ,TRUE,igd
rs6427594,1,161455521,-0.006087,0.018678,520580,0.745,0.826,C,T,Type 1 diabetes || id:ebi-a-GCST90014023,ebi-a-GCST90014023,Type 1 diabetes,Type 1 diabetes ||  || ,TRUE,igd
rs1229429,1,167505066,0.004426,0.017013,520580,0.795,0.708,T,C,Type 1 diabetes || id:ebi-a-GCST90014023,ebi-a-GCST90014023,Type 1 diabetes,Type 1 diabetes ||  || ,TRUE,igd
rs146174215,1,159544523,-0.006579,0.049457,520580,0.894,0.0253,C,A,Type 1 diabetes || id:ebi-a-GCST90014023,ebi-a-GCST90014023,Type 1 diabetes,Type 1 diabetes ||  || ,TRUE,igd
rs144449952,1,161347824,0.032424,0.073253,520580,0.658,0.00977,A,T,Type 1 diabetes || id:ebi-a-GCST90014023,ebi-a-GCST90014023,Type 1 diabetes,Type 1 diabetes ||  || ,TRUE,igd
rs17009077,3,71941154,0.005549,0.017518,520580,0.751,0.257,G,A,Type 1 diabetes || id:ebi-a-GCST90014023,ebi-a-GCST90014023,Type 1 diabetes,Type 1 diabetes ||  || ,TRUE,igd
rs10069277,5,79184076,0.036137,0.030545,520580,0.237,0.0671,G,A,Type 1 diabetes || id:ebi-a-GCST90014023,ebi-a-GCST90014023,Type 1 diabetes,Type 1 diabetes ||  || ,TRUE,igd
rs3811952,5,95766382,0.094779,0.066111,520580,0.152,0.0116,G,C,Type 1 diabetes || id:ebi-a-GCST90014023,ebi-a-GCST90014023,Type 1 diabetes,Type 1 diabetes ||  || ,TRUE,igd
rs155046,5,95964823,0.013311,0.016095,520580,0.408,0.289,G,A,Type 1 diabetes || id:ebi-a-GCST90014023,ebi-a-GCST90014023,Type 1 diabetes,Type 1 diabetes ||  || ,TRUE,igd
rs27373,5,96107022,-0.092566,0.033568,520580,0.00581996,0.0454,T,C,Type 1 diabetes || id:ebi-a-GCST90014023,ebi-a-GCST90014023,Type 1 diabetes,Type 1 diabetes ||  || ,TRUE,igd
rs142227741,5,96133795,-0.07566,0.080375,520580,0.347,0.00911,A,G,Type 1 diabetes || id:ebi-a-GCST90014023,ebi-a-GCST90014023,Type 1 diabetes,Type 1 diabetes ||  || ,TRUE,igd
rs76241969,5,96223552,-0.074855,0.023068,520580,0.00117001,0.107,A,G,Type 1 diabetes || id:ebi-a-GCST90014023,ebi-a-GCST90014023,Type 1 diabetes,Type 1 diabetes ||  || ,TRUE,igd
rs13167730,5,79370247,0.029247,0.02588,520580,0.258,0.0954,T,G,Type 1 diabetes || id:ebi-a-GCST90014023,ebi-a-GCST90014023,Type 1 diabetes,Type 1 diabetes ||  || ,TRUE,igd
rs4481172,3,128372657,-0.024076,0.015701,520580,0.125,0.615,A,C,Type 1 diabetes || id:ebi-a-GCST90014023,ebi-a-GCST90014023,Type 1 diabetes,Type 1 diabetes ||  || ,TRUE,igd
rs6863148,5,156406643,-0.007818,0.016456,520580,0.635,0.266,A,G,Type 1 diabetes || id:ebi-a-GCST90014023,ebi-a-GCST90014023,Type 1 diabetes,Type 1 diabetes ||  || ,TRUE,igd
rs114626188,5,156620236,0.008673,0.038366,520580,0.821,0.0386,C,T,Type 1 diabetes || id:ebi-a-GCST90014023,ebi-a-GCST90014023,Type 1 diabetes,Type 1 diabetes ||  || ,TRUE,igd
rs72808976,5,115696911,-0.01698,0.035708,520580,0.634,0.0482,C,G,Type 1 diabetes || id:ebi-a-GCST90014023,ebi-a-GCST90014023,Type 1 diabetes,Type 1 diabetes ||  || ,TRUE,igd
rs28385609,6,123122464,0.055176,0.02179,520580,0.0113,0.147,T,C,Type 1 diabetes || id:ebi-a-GCST90014023,ebi-a-GCST90014023,Type 1 diabetes,Type 1 diabetes ||  || ,TRUE,igd
rs41268892,6,31559900,0.330255,0.019775,520580,1.29003e-62,0.14,A,G,Type 1 diabetes || id:ebi-a-GCST90014023,ebi-a-GCST90014023,Type 1 diabetes,Type 1 diabetes ||  || ,TRUE,igd
rs151136880,6,31562638,-0.440059,0.099032,520580,8.84993e-06,0.00687,T,G,Type 1 diabetes || id:ebi-a-GCST90014023,ebi-a-GCST90014023,Type 1 diabetes,Type 1 diabetes ||  || ,TRUE,igd
rs9378248,6,31326289,0.037622,0.01535,520580,0.0143001,0.365,A,G,Type 1 diabetes || id:ebi-a-GCST90014023,ebi-a-GCST90014023,Type 1 diabetes,Type 1 diabetes ||  || ,TRUE,igd
rs41559913,6,32489755,0.501086,0.051767,520580,3.67959e-22,0.372,C,G,Type 1 diabetes || id:ebi-a-GCST90014023,ebi-a-GCST90014023,Type 1 diabetes,Type 1 diabetes ||  || ,TRUE,igd
rs4379785,10,125964054,-0.021794,0.015738,520580,0.166,0.391,A,G,Type 1 diabetes || id:ebi-a-GCST90014023,ebi-a-GCST90014023,Type 1 diabetes,Type 1 diabetes ||  || ,TRUE,igd
rs4237446,10,15241923,0.00675,0.019216,520580,0.725,0.198,C,T,Type 1 diabetes || id:ebi-a-GCST90014023,ebi-a-GCST90014023,Type 1 diabetes,Type 1 diabetes ||  || ,TRUE,igd
rs11022114,11,12038874,-0.007998,0.016819,520580,0.634,0.319,A,G,Type 1 diabetes || id:ebi-a-GCST90014023,ebi-a-GCST90014023,Type 1 diabetes,Type 1 diabetes ||  || ,TRUE,igd
rs7067773,10,52005271,0.017475,0.029347,520580,0.552,0.0732,G,T,Type 1 diabetes || id:ebi-a-GCST90014023,ebi-a-GCST90014023,Type 1 diabetes,Type 1 diabetes ||  || ,TRUE,igd
rs17384316,11,12148795,-0.016469,0.037857,520580,0.664,0.0461,T,C,Type 1 diabetes || id:ebi-a-GCST90014023,ebi-a-GCST90014023,Type 1 diabetes,Type 1 diabetes ||  || ,TRUE,igd
rs71409258,15,80159117,-0.008274,0.022445,520580,0.712,0.14,G,A,Type 1 diabetes || id:ebi-a-GCST90014023,ebi-a-GCST90014023,Type 1 diabetes,Type 1 diabetes ||  || ,TRUE,igd
rs4786194,16,1553269,-0.021075,0.042431,520580,0.619001,0.0311,T,C,Type 1 diabetes || id:ebi-a-GCST90014023,ebi-a-GCST90014023,Type 1 diabetes,Type 1 diabetes ||  || ,TRUE,igd
rs62080325,17,42060631,-0.019591,0.016897,520580,0.246,0.334,G,A,Type 1 diabetes || id:ebi-a-GCST90014023,ebi-a-GCST90014023,Type 1 diabetes,Type 1 diabetes ||  || ,TRUE,igd
rs80317791,15,80431237,-0.002184,0.029652,520580,0.941,0.0661,G,A,Type 1 diabetes || id:ebi-a-GCST90014023,ebi-a-GCST90014023,Type 1 diabetes,Type 1 diabetes ||  || ,TRUE,igd
rs10142660,14,105225620,-0.033303,0.02404,520580,0.166,0.126,T,G,Type 1 diabetes || id:ebi-a-GCST90014023,ebi-a-GCST90014023,Type 1 diabetes,Type 1 diabetes ||  || ,TRUE,igd
rs12445996,16,411869,0.016767,0.025871,520580,0.517001,0.102,C,T,Type 1 diabetes || id:ebi-a-GCST90014023,ebi-a-GCST90014023,Type 1 diabetes,Type 1 diabetes ||  || ,TRUE,igd
rs76568705,17,1230776,-0.01936,0.022156,520580,0.382,0.154,G,T,Type 1 diabetes || id:ebi-a-GCST90014023,ebi-a-GCST90014023,Type 1 diabetes,Type 1 diabetes ||  || ,TRUE,igd
rs34317732,19,14172808,-0.088207,0.055907,520580,0.115,0.0228,T,C,Type 1 diabetes || id:ebi-a-GCST90014023,ebi-a-GCST90014023,Type 1 diabetes,Type 1 diabetes ||  || ,TRUE,igd
rs7507320,19,54935264,0.01317,0.045231,520580,0.770999,0.215,A,G,Type 1 diabetes || id:ebi-a-GCST90014023,ebi-a-GCST90014023,Type 1 diabetes,Type 1 diabetes ||  || ,TRUE,igd
rs117167824,21,47470495,-0.126525,0.064271,520580,0.0490004,0.0175,A,G,Type 1 diabetes || id:ebi-a-GCST90014023,ebi-a-GCST90014023,Type 1 diabetes,Type 1 diabetes ||  || ,TRUE,igd
rs5759270,22,43698133,0.12072,0.053292,520580,0.0235001,0.0238,A,G,Type 1 diabetes || id:ebi-a-GCST90014023,ebi-a-GCST90014023,Type 1 diabetes,Type 1 diabetes ||  || ,TRUE,igd
rs144880496,1,161296687,0.109857,0.064059,520580,0.0863993,0.0152,C,T,Type 1 diabetes || id:ebi-a-GCST90014023,ebi-a-GCST90014023,Type 1 diabetes,Type 1 diabetes ||  || ,TRUE,igd
rs115480944,1,65703478,0.06773,0.062278,520580,0.277,0.0172,A,G,Type 1 diabetes || id:ebi-a-GCST90014023,ebi-a-GCST90014023,Type 1 diabetes,Type 1 diabetes ||  || ,TRUE,igd
rs7513428,1,167515272,0.029173,0.021561,520580,0.176,0.852,C,T,Type 1 diabetes || id:ebi-a-GCST90014023,ebi-a-GCST90014023,Type 1 diabetes,Type 1 diabetes ||  || ,TRUE,igd
rs62316276,4,75669810,-0.042249,0.035949,520580,0.24,0.0569,C,T,Type 1 diabetes || id:ebi-a-GCST90014023,ebi-a-GCST90014023,Type 1 diabetes,Type 1 diabetes ||  || ,TRUE,igd
rs6531958,4,76768534,-0.061855,0.077947,520580,0.427,0.965,T,C,Type 1 diabetes || id:ebi-a-GCST90014023,ebi-a-GCST90014023,Type 1 diabetes,Type 1 diabetes ||  || ,TRUE,igd
rs2125236,4,81146222,0.006913,0.015849,520580,0.663001,0.378,T,C,Type 1 diabetes || id:ebi-a-GCST90014023,ebi-a-GCST90014023,Type 1 diabetes,Type 1 diabetes ||  || ,TRUE,igd
rs34712979,4,106819053,-0.004918,0.017514,520580,0.778999,0.257,A,G,Type 1 diabetes || id:ebi-a-GCST90014023,ebi-a-GCST90014023,Type 1 diabetes,Type 1 diabetes ||  || ,TRUE,igd
rs62311449,4,108951149,0.069741,0.031522,520580,0.0268999,0.0599,A,G,Type 1 diabetes || id:ebi-a-GCST90014023,ebi-a-GCST90014023,Type 1 diabetes,Type 1 diabetes ||  || ,TRUE,igd
rs9462450,6,38664940,-0.033242,0.023326,520580,0.154,0.0989,C,T,Type 1 diabetes || id:ebi-a-GCST90014023,ebi-a-GCST90014023,Type 1 diabetes,Type 1 diabetes ||  || ,TRUE,igd
rs9357282,6,38726415,0.012681,0.018988,520580,0.504001,0.221,C,T,Type 1 diabetes || id:ebi-a-GCST90014023,ebi-a-GCST90014023,Type 1 diabetes,Type 1 diabetes ||  || ,TRUE,igd
rs74688152,3,43228732,-0.024542,0.044774,520580,0.584,0.0296,G,A,Type 1 diabetes || id:ebi-a-GCST90014023,ebi-a-GCST90014023,Type 1 diabetes,Type 1 diabetes ||  || ,TRUE,igd
rs834173,3,43106424,-0.014973,0.014543,520580,0.303,0.417,A,G,Type 1 diabetes || id:ebi-a-GCST90014023,ebi-a-GCST90014023,Type 1 diabetes,Type 1 diabetes ||  || ,TRUE,igd
rs9760233,4,106489568,-0.037,0.038317,520580,0.334,0.037,T,C,Type 1 diabetes || id:ebi-a-GCST90014023,ebi-a-GCST90014023,Type 1 diabetes,Type 1 diabetes ||  || ,TRUE,igd
rs9401605,6,123196340,0.00238,0.015474,520580,0.878,0.413,A,G,Type 1 diabetes || id:ebi-a-GCST90014023,ebi-a-GCST90014023,Type 1 diabetes,Type 1 diabetes ||  || ,TRUE,igd
rs137902837,7,129941049,-0.003928,0.063886,520580,0.951,0.0146,T,C,Type 1 diabetes || id:ebi-a-GCST90014023,ebi-a-GCST90014023,Type 1 diabetes,Type 1 diabetes ||  || ,TRUE,igd
rs76801943,6,45841470,0.161081,0.082589,520580,0.0510999,0.00887,A,G,Type 1 diabetes || id:ebi-a-GCST90014023,ebi-a-GCST90014023,Type 1 diabetes,Type 1 diabetes ||  || ,TRUE,igd
rs35822882,6,45916999,-0.083844,0.049174,520580,0.0882003,0.0257,T,G,Type 1 diabetes || id:ebi-a-GCST90014023,ebi-a-GCST90014023,Type 1 diabetes,Type 1 diabetes ||  || ,TRUE,igd
rs1005786,7,23145837,-0.022376,0.014442,520580,0.121,0.475,C,G,Type 1 diabetes || id:ebi-a-GCST90014023,ebi-a-GCST90014023,Type 1 diabetes,Type 1 diabetes ||  || ,TRUE,igd
rs566567655,6,31424088,-0.35405,0.19084,520580,0.0636004,0.00983,A,G,Type 1 diabetes || id:ebi-a-GCST90014023,ebi-a-GCST90014023,Type 1 diabetes,Type 1 diabetes ||  || ,TRUE,igd
rs6588740,10,125855340,0.02442,0.017508,520580,0.163,0.7,T,C,Type 1 diabetes || id:ebi-a-GCST90014023,ebi-a-GCST90014023,Type 1 diabetes,Type 1 diabetes ||  || ,TRUE,igd
rs11024589,11,18278423,-0.003946,0.027138,520580,0.884,0.0875,C,A,Type 1 diabetes || id:ebi-a-GCST90014023,ebi-a-GCST90014023,Type 1 diabetes,Type 1 diabetes ||  || ,TRUE,igd
rs7077401,10,6025878,-0.050479,0.01429,520580,0.000412003,0.413,G,A,Type 1 diabetes || id:ebi-a-GCST90014023,ebi-a-GCST90014023,Type 1 diabetes,Type 1 diabetes ||  || ,TRUE,igd
rs514887,11,75292049,-0.00471,0.014902,520580,0.752,0.532,A,G,Type 1 diabetes || id:ebi-a-GCST90014023,ebi-a-GCST90014023,Type 1 diabetes,Type 1 diabetes ||  || ,TRUE,igd
rs769218,11,34470679,0.022235,0.018369,520580,0.226,0.217,A,G,Type 1 diabetes || id:ebi-a-GCST90014023,ebi-a-GCST90014023,Type 1 diabetes,Type 1 diabetes ||  || ,TRUE,igd
rs584961,11,75277628,-0.044605,0.025102,520580,0.0755997,0.895,G,A,Type 1 diabetes || id:ebi-a-GCST90014023,ebi-a-GCST90014023,Type 1 diabetes,Type 1 diabetes ||  || ,TRUE,igd
rs73294067,12,27799008,0.049469,0.04806,520580,0.303,0.0251,G,T,Type 1 diabetes || id:ebi-a-GCST90014023,ebi-a-GCST90014023,Type 1 diabetes,Type 1 diabetes ||  || ,TRUE,igd
rs11840418,13,24933626,-0.00662,0.016663,520580,0.691,0.304,T,C,Type 1 diabetes || id:ebi-a-GCST90014023,ebi-a-GCST90014023,Type 1 diabetes,Type 1 diabetes ||  || ,TRUE,igd
rs61915452,12,27965469,-0.07652,0.024487,520580,0.00178,0.116,C,G,Type 1 diabetes || id:ebi-a-GCST90014023,ebi-a-GCST90014023,Type 1 diabetes,Type 1 diabetes ||  || ,TRUE,igd
rs34072403,14,21170432,0.007281,0.018613,520580,0.696,0.253,T,C,Type 1 diabetes || id:ebi-a-GCST90014023,ebi-a-GCST90014023,Type 1 diabetes,Type 1 diabetes ||  || ,TRUE,igd
rs150971918,14,21444827,-0.121533,0.064514,520580,0.0596005,0.0156,C,G,Type 1 diabetes || id:ebi-a-GCST90014023,ebi-a-GCST90014023,Type 1 diabetes,Type 1 diabetes ||  || ,TRUE,igd
rs1243450,14,21491322,-0.040084,0.027744,520580,0.149,0.0884,G,C,Type 1 diabetes || id:ebi-a-GCST90014023,ebi-a-GCST90014023,Type 1 diabetes,Type 1 diabetes ||  || ,TRUE,igd
rs4887023,15,78535437,0.021533,0.015027,520580,0.152,0.395,G,C,Type 1 diabetes || id:ebi-a-GCST90014023,ebi-a-GCST90014023,Type 1 diabetes,Type 1 diabetes ||  || ,TRUE,igd
rs8067016,17,32249,-0.016504,0.018321,520580,0.368,0.676,G,C,Type 1 diabetes || id:ebi-a-GCST90014023,ebi-a-GCST90014023,Type 1 diabetes,Type 1 diabetes ||  || ,TRUE,igd
rs117954971,17,32420524,-0.140928,0.071764,520580,0.0495998,0.012,T,C,Type 1 diabetes || id:ebi-a-GCST90014023,ebi-a-GCST90014023,Type 1 diabetes,Type 1 diabetes ||  || ,TRUE,igd
rs41274294,17,32615171,-0.050498,0.040615,520580,0.214,0.0308,C,T,Type 1 diabetes || id:ebi-a-GCST90014023,ebi-a-GCST90014023,Type 1 diabetes,Type 1 diabetes ||  || ,TRUE,igd
rs7215934,17,32919950,-0.015783,0.01816,520580,0.385,0.761,A,T,Type 1 diabetes || id:ebi-a-GCST90014023,ebi-a-GCST90014023,Type 1 diabetes,Type 1 diabetes ||  || ,TRUE,igd
rs72840987,17,7258343,-0.05044,0.0464,520580,0.277,0.0316,T,C,Type 1 diabetes || id:ebi-a-GCST90014023,ebi-a-GCST90014023,Type 1 diabetes,Type 1 diabetes ||  || ,TRUE,igd
rs117971411,17,32389429,-0.068821,0.051565,520580,0.182,0.0268,G,A,Type 1 diabetes || id:ebi-a-GCST90014023,ebi-a-GCST90014023,Type 1 diabetes,Type 1 diabetes ||  || ,TRUE,igd
rs79645969,19,41166902,0.030706,0.038384,520580,0.424,0.0468,T,C,Type 1 diabetes || id:ebi-a-GCST90014023,ebi-a-GCST90014023,Type 1 diabetes,Type 1 diabetes ||  || ,TRUE,igd
rs2072563,19,46526648,-0.013267,0.016538,520580,0.422,0.3,A,G,Type 1 diabetes || id:ebi-a-GCST90014023,ebi-a-GCST90014023,Type 1 diabetes,Type 1 diabetes ||  || ,TRUE,igd
rs11667174,19,46734893,0.009785,0.026801,520580,0.715,0.0839,A,G,Type 1 diabetes || id:ebi-a-GCST90014023,ebi-a-GCST90014023,Type 1 diabetes,Type 1 diabetes ||  || ,TRUE,igd
rs73614672,19,55158865,-0.013912,0.027703,520580,0.616,0.0701,G,A,Type 1 diabetes || id:ebi-a-GCST90014023,ebi-a-GCST90014023,Type 1 diabetes,Type 1 diabetes ||  || ,TRUE,igd
rs11574578,19,55178327,-0.039822,0.025313,520580,0.116,0.102,A,G,Type 1 diabetes || id:ebi-a-GCST90014023,ebi-a-GCST90014023,Type 1 diabetes,Type 1 diabetes ||  || ,TRUE,igd
rs11704700,22,43612426,-0.025977,0.017148,520580,0.13,0.287,T,C,Type 1 diabetes || id:ebi-a-GCST90014023,ebi-a-GCST90014023,Type 1 diabetes,Type 1 diabetes ||  || ,TRUE,igd
rs6003130,22,43662788,-0.006951,0.022944,520580,0.762,0.122,T,C,Type 1 diabetes || id:ebi-a-GCST90014023,ebi-a-GCST90014023,Type 1 diabetes,Type 1 diabetes ||  || ,TRUE,igd
rs75532099,20,3643066,-0.054147,0.036942,520580,0.143,0.0464,A,G,Type 1 diabetes || id:ebi-a-GCST90014023,ebi-a-GCST90014023,Type 1 diabetes,Type 1 diabetes ||  || ,TRUE,igd
rs9617137,22,50479856,-0.02942,0.015948,520580,0.0650999,0.596,C,A,Type 1 diabetes || id:ebi-a-GCST90014023,ebi-a-GCST90014023,Type 1 diabetes,Type 1 diabetes ||  || ,TRUE,igd
rs11547734,22,50719251,0.016282,0.016068,520580,0.311,0.597,G,A,Type 1 diabetes || id:ebi-a-GCST90014023,ebi-a-GCST90014023,Type 1 diabetes,Type 1 diabetes ||  || ,TRUE,igd
rs4076566,22,50723474,0.008849,0.016105,520580,0.583001,0.421,A,G,Type 1 diabetes || id:ebi-a-GCST90014023,ebi-a-GCST90014023,Type 1 diabetes,Type 1 diabetes ||  || ,TRUE,igd
rs114844178,1,161352267,0.015485,0.029478,520580,0.599,0.072,A,G,Type 1 diabetes || id:ebi-a-GCST90014023,ebi-a-GCST90014023,Type 1 diabetes,Type 1 diabetes ||  || ,TRUE,igd
rs3766926,1,154564417,0.022297,0.0179,520580,0.213,0.206,C,T,Type 1 diabetes || id:ebi-a-GCST90014023,ebi-a-GCST90014023,Type 1 diabetes,Type 1 diabetes ||  || ,TRUE,igd
rs4073090,2,62563774,0.017217,0.014165,520580,0.224,0.435,G,A,Type 1 diabetes || id:ebi-a-GCST90014023,ebi-a-GCST90014023,Type 1 diabetes,Type 1 diabetes ||  || ,TRUE,igd
rs34990628,1,161067085,0.010205,0.021972,520580,0.642,0.121,T,C,Type 1 diabetes || id:ebi-a-GCST90014023,ebi-a-GCST90014023,Type 1 diabetes,Type 1 diabetes ||  || ,TRUE,igd
rs527665651,1,161555469,0.06378,0.067978,520580,0.348,0.0516,A,G,Type 1 diabetes || id:ebi-a-GCST90014023,ebi-a-GCST90014023,Type 1 diabetes,Type 1 diabetes ||  || ,TRUE,igd
rs34012279,2,62330596,-0.013688,0.017576,520580,0.436,0.202,T,G,Type 1 diabetes || id:ebi-a-GCST90014023,ebi-a-GCST90014023,Type 1 diabetes,Type 1 diabetes ||  || ,TRUE,igd
rs1327118,1,65885569,0.006889,0.01492,520580,0.644,0.462,C,G,Type 1 diabetes || id:ebi-a-GCST90014023,ebi-a-GCST90014023,Type 1 diabetes,Type 1 diabetes ||  || ,TRUE,igd
rs28383573,1,159558672,-0.004525,0.024823,520580,0.855,0.112,T,G,Type 1 diabetes || id:ebi-a-GCST90014023,ebi-a-GCST90014023,Type 1 diabetes,Type 1 diabetes ||  || ,TRUE,igd
rs6681271,1,157666644,-0.03068,0.014026,520580,0.0286999,0.475,C,T,Type 1 diabetes || id:ebi-a-GCST90014023,ebi-a-GCST90014023,Type 1 diabetes,Type 1 diabetes ||  || ,TRUE,igd
rs6532086,4,76937278,0.040695,0.014296,520580,0.00441998,0.498,A,G,Type 1 diabetes || id:ebi-a-GCST90014023,ebi-a-GCST90014023,Type 1 diabetes,Type 1 diabetes ||  || ,TRUE,igd
rs1532985,4,77222245,-0.037521,0.078234,520580,0.632,0.0129,T,G,Type 1 diabetes || id:ebi-a-GCST90014023,ebi-a-GCST90014023,Type 1 diabetes,Type 1 diabetes ||  || ,TRUE,igd
rs10025052,4,106961846,0.021142,0.015695,520580,0.178,0.327,T,C,Type 1 diabetes || id:ebi-a-GCST90014023,ebi-a-GCST90014023,Type 1 diabetes,Type 1 diabetes ||  || ,TRUE,igd
rs75178643,4,81225283,0.025867,0.057048,520580,0.649999,0.0174,G,A,Type 1 diabetes || id:ebi-a-GCST90014023,ebi-a-GCST90014023,Type 1 diabetes,Type 1 diabetes ||  || ,TRUE,igd
rs6829364,4,80642627,0.005311,0.061999,520580,0.932,0.985,C,A,Type 1 diabetes || id:ebi-a-GCST90014023,ebi-a-GCST90014023,Type 1 diabetes,Type 1 diabetes ||  || ,TRUE,igd
rs28549760,4,75719517,0.008315,0.02252,520580,0.712,0.133,C,A,Type 1 diabetes || id:ebi-a-GCST90014023,ebi-a-GCST90014023,Type 1 diabetes,Type 1 diabetes ||  || ,TRUE,igd
rs140862890,5,95655289,0.013285,0.072921,520580,0.855,0.0099,A,T,Type 1 diabetes || id:ebi-a-GCST90014023,ebi-a-GCST90014023,Type 1 diabetes,Type 1 diabetes ||  || ,TRUE,igd
rs79770466,5,96497717,0.020776,0.043513,520580,0.633,0.0301,A,G,Type 1 diabetes || id:ebi-a-GCST90014023,ebi-a-GCST90014023,Type 1 diabetes,Type 1 diabetes ||  || ,TRUE,igd
rs72505612,5,115848955,0.008474,0.025042,520580,0.734999,0.103,T,C,Type 1 diabetes || id:ebi-a-GCST90014023,ebi-a-GCST90014023,Type 1 diabetes,Type 1 diabetes ||  || ,TRUE,igd
rs607350,5,115948793,0.006669,0.019885,520580,0.736999,0.799,T,A,Type 1 diabetes || id:ebi-a-GCST90014023,ebi-a-GCST90014023,Type 1 diabetes,Type 1 diabetes ||  || ,TRUE,igd
rs4722253,7,23736675,0.039543,0.014591,520580,0.00673008,0.615,G,C,Type 1 diabetes || id:ebi-a-GCST90014023,ebi-a-GCST90014023,Type 1 diabetes,Type 1 diabetes ||  || ,TRUE,igd
rs114284000,6,33066131,-0.489969,0.062804,520580,6.10942e-15,0.0152,A,C,Type 1 diabetes || id:ebi-a-GCST90014023,ebi-a-GCST90014023,Type 1 diabetes,Type 1 diabetes ||  || ,TRUE,igd
rs2404710,5,79256562,0.010196,0.01545,520580,0.509,0.425,A,C,Type 1 diabetes || id:ebi-a-GCST90014023,ebi-a-GCST90014023,Type 1 diabetes,Type 1 diabetes ||  || ,TRUE,igd
rs9469434,6,33455574,-0.191551,0.015109,520580,7.83069e-37,0.669,G,C,Type 1 diabetes || id:ebi-a-GCST90014023,ebi-a-GCST90014023,Type 1 diabetes,Type 1 diabetes ||  || ,TRUE,igd
rs12662112,6,33048071,-0.522895,0.057029,520580,4.77969e-20,0.0215,G,C,Type 1 diabetes || id:ebi-a-GCST90014023,ebi-a-GCST90014023,Type 1 diabetes,Type 1 diabetes ||  || ,TRUE,igd
rs78528738,11,11703406,-0.031556,0.061785,520580,0.61,0.0155,A,G,Type 1 diabetes || id:ebi-a-GCST90014023,ebi-a-GCST90014023,Type 1 diabetes,Type 1 diabetes ||  || ,TRUE,igd
rs3813498,6,108944165,-0.044877,0.01929,520580,0.02,0.804,T,C,Type 1 diabetes || id:ebi-a-GCST90014023,ebi-a-GCST90014023,Type 1 diabetes,Type 1 diabetes ||  || ,TRUE,igd
rs2460137,9,97341496,-0.073137,0.032066,520580,0.0226001,0.929,C,T,Type 1 diabetes || id:ebi-a-GCST90014023,ebi-a-GCST90014023,Type 1 diabetes,Type 1 diabetes ||  || ,TRUE,igd
rs7857240,9,97052569,-0.020878,0.014744,520580,0.157,0.451,G,A,Type 1 diabetes || id:ebi-a-GCST90014023,ebi-a-GCST90014023,Type 1 diabetes,Type 1 diabetes ||  || ,TRUE,igd
rs73478949,15,80292450,0.049627,0.020404,520580,0.015,0.164,C,A,Type 1 diabetes || id:ebi-a-GCST90014023,ebi-a-GCST90014023,Type 1 diabetes,Type 1 diabetes ||  || ,TRUE,igd
rs11633788,15,85305142,0.062067,0.015731,520580,7.97003e-05,0.325,A,T,Type 1 diabetes || id:ebi-a-GCST90014023,ebi-a-GCST90014023,Type 1 diabetes,Type 1 diabetes ||  || ,TRUE,igd
rs11623521,14,21582223,0.0052,0.046382,520580,0.911,0.768,G,T,Type 1 diabetes || id:ebi-a-GCST90014023,ebi-a-GCST90014023,Type 1 diabetes,Type 1 diabetes ||  || ,TRUE,igd
rs594708,11,75401815,0.042329,0.369938,520580,0.909,0.997,A,G,Type 1 diabetes || id:ebi-a-GCST90014023,ebi-a-GCST90014023,Type 1 diabetes,Type 1 diabetes ||  || ,TRUE,igd
rs2755171,11,34349623,-0.009021,0.018058,520580,0.617,0.238,G,T,Type 1 diabetes || id:ebi-a-GCST90014023,ebi-a-GCST90014023,Type 1 diabetes,Type 1 diabetes ||  || ,TRUE,igd
rs61917498,12,27858007,0.002944,0.021407,520580,0.891,0.152,T,C,Type 1 diabetes || id:ebi-a-GCST90014023,ebi-a-GCST90014023,Type 1 diabetes,Type 1 diabetes ||  || ,TRUE,igd
rs2292238,12,56493822,0.168871,0.014228,520580,1.71002e-32,0.406,C,A,Type 1 diabetes || id:ebi-a-GCST90014023,ebi-a-GCST90014023,Type 1 diabetes,Type 1 diabetes ||  || ,TRUE,igd
rs62059712,17,7740170,-0.135245,0.029384,520580,4.17004e-06,0.077,C,T,Type 1 diabetes || id:ebi-a-GCST90014023,ebi-a-GCST90014023,Type 1 diabetes,Type 1 diabetes ||  || ,TRUE,igd
rs5030741,17,1800891,-0.018567,0.036764,520580,0.613999,0.0482,A,G,Type 1 diabetes || id:ebi-a-GCST90014023,ebi-a-GCST90014023,Type 1 diabetes,Type 1 diabetes ||  || ,TRUE,igd
rs7219860,17,56321271,0.005765,0.018353,520580,0.753,0.239,A,G,Type 1 diabetes || id:ebi-a-GCST90014023,ebi-a-GCST90014023,Type 1 diabetes,Type 1 diabetes ||  || ,TRUE,igd
rs149925361,17,56733557,0.024444,0.044624,520580,0.584,0.0321,T,C,Type 1 diabetes || id:ebi-a-GCST90014023,ebi-a-GCST90014023,Type 1 diabetes,Type 1 diabetes ||  || ,TRUE,igd
rs2938140,17,50176501,-0.019183,0.01539,520580,0.213,0.467,T,C,Type 1 diabetes || id:ebi-a-GCST90014023,ebi-a-GCST90014023,Type 1 diabetes,Type 1 diabetes ||  || ,TRUE,igd
rs62122122,19,14155593,-0.052335,0.099429,520580,0.599,0.00738,C,T,Type 1 diabetes || id:ebi-a-GCST90014023,ebi-a-GCST90014023,Type 1 diabetes,Type 1 diabetes ||  || ,TRUE,igd
rs150720598,19,14319212,-0.009771,0.044531,520580,0.826,0.0375,A,G,Type 1 diabetes || id:ebi-a-GCST90014023,ebi-a-GCST90014023,Type 1 diabetes,Type 1 diabetes ||  || ,TRUE,igd
rs73078430,20,3682657,-0.020461,0.028016,520580,0.465,0.0716,A,G,Type 1 diabetes || id:ebi-a-GCST90014023,ebi-a-GCST90014023,Type 1 diabetes,Type 1 diabetes ||  || ,TRUE,igd
rs1051412,20,10654563,-0.035247,0.016665,520580,0.0344001,0.491,C,A,Type 1 diabetes || id:ebi-a-GCST90014023,ebi-a-GCST90014023,Type 1 diabetes,Type 1 diabetes ||  || ,TRUE,igd
rs111406374,19,19505990,-0.002101,0.047632,520580,0.965,0.0258,A,G,Type 1 diabetes || id:ebi-a-GCST90014023,ebi-a-GCST90014023,Type 1 diabetes,Type 1 diabetes ||  || ,TRUE,igd
rs141315369,19,41451666,-0.007488,0.05622,520580,0.894,0.0211,C,G,Type 1 diabetes || id:ebi-a-GCST90014023,ebi-a-GCST90014023,Type 1 diabetes,Type 1 diabetes ||  || ,TRUE,igd
rs16974790,19,41498946,-0.04318,0.082888,520580,0.601999,0.00872,A,G,Type 1 diabetes || id:ebi-a-GCST90014023,ebi-a-GCST90014023,Type 1 diabetes,Type 1 diabetes ||  || ,TRUE,igd
rs11086936,20,43331807,-0.021903,0.015712,520580,0.163,0.332,G,C,Type 1 diabetes || id:ebi-a-GCST90014023,ebi-a-GCST90014023,Type 1 diabetes,Type 1 diabetes ||  || ,TRUE,igd
rs151207005,22,51075397,0.046796,0.051202,520580,0.361,0.0237,C,G,Type 1 diabetes || id:ebi-a-GCST90014023,ebi-a-GCST90014023,Type 1 diabetes,Type 1 diabetes ||  || ,TRUE,igd
rs11265611,1,154395125,-0.058786,0.014507,520580,5.07002e-05,0.583,A,G,Type 1 diabetes || id:ebi-a-GCST90014023,ebi-a-GCST90014023,Type 1 diabetes,Type 1 diabetes ||  || ,TRUE,igd
rs146163083,1,161524459,0.046722,0.070864,520580,0.51,0.01,T,C,Type 1 diabetes || id:ebi-a-GCST90014023,ebi-a-GCST90014023,Type 1 diabetes,Type 1 diabetes ||  || ,TRUE,igd
rs75281619,1,66278887,0.048105,0.049962,520580,0.336,0.0241,G,A,Type 1 diabetes || id:ebi-a-GCST90014023,ebi-a-GCST90014023,Type 1 diabetes,Type 1 diabetes ||  || ,TRUE,igd
rs3969967,1,66399964,0.039916,0.028845,520580,0.166,0.0689,G,T,Type 1 diabetes || id:ebi-a-GCST90014023,ebi-a-GCST90014023,Type 1 diabetes,Type 1 diabetes ||  || ,TRUE,igd
rs6232,5,95751785,-0.073452,0.033037,520580,0.0261999,0.0471,C,T,Type 1 diabetes || id:ebi-a-GCST90014023,ebi-a-GCST90014023,Type 1 diabetes,Type 1 diabetes ||  || ,TRUE,igd
rs72772040,5,95952840,0.010242,0.028369,520580,0.717999,0.0745,C,T,Type 1 diabetes || id:ebi-a-GCST90014023,ebi-a-GCST90014023,Type 1 diabetes,Type 1 diabetes ||  || ,TRUE,igd
rs62365715,5,95852862,-0.014599,0.045416,520580,0.748001,0.0253,A,T,Type 1 diabetes || id:ebi-a-GCST90014023,ebi-a-GCST90014023,Type 1 diabetes,Type 1 diabetes ||  || ,TRUE,igd
rs3733724,5,115779973,0.020527,0.027385,520580,0.454,0.0911,T,C,Type 1 diabetes || id:ebi-a-GCST90014023,ebi-a-GCST90014023,Type 1 diabetes,Type 1 diabetes ||  || ,TRUE,igd
rs2904221,4,77182033,0.001575,0.015679,520580,0.92,0.73,C,T,Type 1 diabetes || id:ebi-a-GCST90014023,ebi-a-GCST90014023,Type 1 diabetes,Type 1 diabetes ||  || ,TRUE,igd
rs6467283,7,129782488,0.044131,0.048914,520580,0.367,0.0258,T,C,Type 1 diabetes || id:ebi-a-GCST90014023,ebi-a-GCST90014023,Type 1 diabetes,Type 1 diabetes ||  || ,TRUE,igd
rs221632,6,105517445,0.029033,0.029195,520580,0.32,0.79,A,T,Type 1 diabetes || id:ebi-a-GCST90014023,ebi-a-GCST90014023,Type 1 diabetes,Type 1 diabetes ||  || ,TRUE,igd
rs9392325,6,1718976,0.009538,0.019158,520580,0.619001,0.759,G,A,Type 1 diabetes || id:ebi-a-GCST90014023,ebi-a-GCST90014023,Type 1 diabetes,Type 1 diabetes ||  || ,TRUE,igd
rs34451538,6,31487454,0.049712,0.040719,520580,0.222,0.0301,A,G,Type 1 diabetes || id:ebi-a-GCST90014023,ebi-a-GCST90014023,Type 1 diabetes,Type 1 diabetes ||  || ,TRUE,igd
rs200859624,10,51884686,-0.019969,0.016647,520580,0.23,0.556,T,C,Type 1 diabetes || id:ebi-a-GCST90014023,ebi-a-GCST90014023,Type 1 diabetes,Type 1 diabetes ||  || ,TRUE,igd
rs2813198,10,51936170,0.353613,0.205412,520580,0.0852001,0.013,C,T,Type 1 diabetes || id:ebi-a-GCST90014023,ebi-a-GCST90014023,Type 1 diabetes,Type 1 diabetes ||  || ,TRUE,igd
rs3011746,10,52439870,-0.00295,0.015781,520580,0.852,0.598,G,A,Type 1 diabetes || id:ebi-a-GCST90014023,ebi-a-GCST90014023,Type 1 diabetes,Type 1 diabetes ||  || ,TRUE,igd
rs12668458,7,157145474,0.019694,0.015143,520580,0.193,0.449,C,T,Type 1 diabetes || id:ebi-a-GCST90014023,ebi-a-GCST90014023,Type 1 diabetes,Type 1 diabetes ||  || ,TRUE,igd
rs79914289,7,23381388,-0.060497,0.056406,520580,0.283,0.0188,G,A,Type 1 diabetes || id:ebi-a-GCST90014023,ebi-a-GCST90014023,Type 1 diabetes,Type 1 diabetes ||  || ,TRUE,igd
rs79058690,6,38581405,-0.014888,0.02091,520580,0.476,0.164,A,T,Type 1 diabetes || id:ebi-a-GCST90014023,ebi-a-GCST90014023,Type 1 diabetes,Type 1 diabetes ||  || ,TRUE,igd
rs9472662,6,45982976,-0.005035,0.02243,520580,0.822,0.129,G,A,Type 1 diabetes || id:ebi-a-GCST90014023,ebi-a-GCST90014023,Type 1 diabetes,Type 1 diabetes ||  || ,TRUE,igd
rs35444838,6,31775984,-0.486727,0.072876,520580,2.40991e-11,0.0117,C,T,Type 1 diabetes || id:ebi-a-GCST90014023,ebi-a-GCST90014023,Type 1 diabetes,Type 1 diabetes ||  || ,TRUE,igd
rs550671,6,31944593,-0.683885,0.026566,520580,3.91742e-146,0.119,T,C,Type 1 diabetes || id:ebi-a-GCST90014023,ebi-a-GCST90014023,Type 1 diabetes,Type 1 diabetes ||  || ,TRUE,igd
rs541123304,7,129812764,-0.002681,0.123281,520580,0.983,0.0133,A,G,Type 1 diabetes || id:ebi-a-GCST90014023,ebi-a-GCST90014023,Type 1 diabetes,Type 1 diabetes ||  || ,TRUE,igd
rs78885796,7,130405008,0.037114,0.041366,520580,0.37,0.0372,C,A,Type 1 diabetes || id:ebi-a-GCST90014023,ebi-a-GCST90014023,Type 1 diabetes,Type 1 diabetes ||  || ,TRUE,igd
rs12282271,11,18719929,-0.015315,0.015783,520580,0.332,0.461,G,A,Type 1 diabetes || id:ebi-a-GCST90014023,ebi-a-GCST90014023,Type 1 diabetes,Type 1 diabetes ||  || ,TRUE,igd
rs2746626,11,34239390,-0.010246,0.021185,520580,0.629001,0.832,G,C,Type 1 diabetes || id:ebi-a-GCST90014023,ebi-a-GCST90014023,Type 1 diabetes,Type 1 diabetes ||  || ,TRUE,igd
rs10734190,11,12001587,0.035611,0.021242,520580,0.0937001,0.84,C,T,Type 1 diabetes || id:ebi-a-GCST90014023,ebi-a-GCST90014023,Type 1 diabetes,Type 1 diabetes ||  || ,TRUE,igd
rs1818737,11,18219402,0.00089,0.01699,520580,0.958,0.237,T,C,Type 1 diabetes || id:ebi-a-GCST90014023,ebi-a-GCST90014023,Type 1 diabetes,Type 1 diabetes ||  || ,TRUE,igd
rs3136516,11,46760756,0.005232,0.014093,520580,0.709999,0.533,A,G,Type 1 diabetes || id:ebi-a-GCST90014023,ebi-a-GCST90014023,Type 1 diabetes,Type 1 diabetes ||  || ,TRUE,igd
rs78459273,14,53274260,-0.014912,0.027282,520580,0.585,0.0874,A,G,Type 1 diabetes || id:ebi-a-GCST90014023,ebi-a-GCST90014023,Type 1 diabetes,Type 1 diabetes ||  || ,TRUE,igd
rs34591673,15,66657103,0.047697,0.028799,520580,0.097699,0.0746,A,G,Type 1 diabetes || id:ebi-a-GCST90014023,ebi-a-GCST90014023,Type 1 diabetes,Type 1 diabetes ||  || ,TRUE,igd
rs187985024,15,80008573,0.021504,0.06605,520580,0.745,0.0153,A,G,Type 1 diabetes || id:ebi-a-GCST90014023,ebi-a-GCST90014023,Type 1 diabetes,Type 1 diabetes ||  || ,TRUE,igd
rs8028182,15,75718669,-0.013611,0.01927,520580,0.48,0.192,T,G,Type 1 diabetes || id:ebi-a-GCST90014023,ebi-a-GCST90014023,Type 1 diabetes,Type 1 diabetes ||  || ,TRUE,igd
rs34354104,14,24707479,-0.034036,0.035654,520580,0.34,0.0474,A,G,Type 1 diabetes || id:ebi-a-GCST90014023,ebi-a-GCST90014023,Type 1 diabetes,Type 1 diabetes ||  || ,TRUE,igd
rs12878212,14,24826199,0.05055,0.039461,520580,0.2,0.672,A,T,Type 1 diabetes || id:ebi-a-GCST90014023,ebi-a-GCST90014023,Type 1 diabetes,Type 1 diabetes ||  || ,TRUE,igd
rs12451323,17,32634098,-0.011494,0.022588,520580,0.611,0.106,C,T,Type 1 diabetes || id:ebi-a-GCST90014023,ebi-a-GCST90014023,Type 1 diabetes,Type 1 diabetes ||  || ,TRUE,igd
rs148179811,17,32793341,0.033341,0.06627,520580,0.615,0.0114,A,C,Type 1 diabetes || id:ebi-a-GCST90014023,ebi-a-GCST90014023,Type 1 diabetes,Type 1 diabetes ||  || ,TRUE,igd
rs7225351,17,56155011,-0.000464,0.016243,520580,0.977,0.653,A,G,Type 1 diabetes || id:ebi-a-GCST90014023,ebi-a-GCST90014023,Type 1 diabetes,Type 1 diabetes ||  || ,TRUE,igd
rs11078596,17,1618262,-0.040313,0.020636,520580,0.0507996,0.183,T,C,Type 1 diabetes || id:ebi-a-GCST90014023,ebi-a-GCST90014023,Type 1 diabetes,Type 1 diabetes ||  || ,TRUE,igd
rs62059793,17,7438687,0.003466,0.016254,520580,0.831,0.262,G,A,Type 1 diabetes || id:ebi-a-GCST90014023,ebi-a-GCST90014023,Type 1 diabetes,Type 1 diabetes ||  || ,TRUE,igd
rs141987898,17,7898783,-0.130223,0.052056,520580,0.0124,0.0245,A,C,Type 1 diabetes || id:ebi-a-GCST90014023,ebi-a-GCST90014023,Type 1 diabetes,Type 1 diabetes ||  || ,TRUE,igd
rs111629662,17,32355057,0.017635,0.062938,520580,0.778999,0.0191,A,G,Type 1 diabetes || id:ebi-a-GCST90014023,ebi-a-GCST90014023,Type 1 diabetes,Type 1 diabetes ||  || ,TRUE,igd
rs117399000,17,50213731,-0.025339,0.041785,520580,0.544,0.0396,A,G,Type 1 diabetes || id:ebi-a-GCST90014023,ebi-a-GCST90014023,Type 1 diabetes,Type 1 diabetes ||  || ,TRUE,igd
rs11667546,19,14068710,0.001121,0.020641,520580,0.957,0.198,T,C,Type 1 diabetes || id:ebi-a-GCST90014023,ebi-a-GCST90014023,Type 1 diabetes,Type 1 diabetes ||  || ,TRUE,igd
rs2228603,19,19329924,0.064662,0.027321,520580,0.0178999,0.0739,T,C,Type 1 diabetes || id:ebi-a-GCST90014023,ebi-a-GCST90014023,Type 1 diabetes,Type 1 diabetes ||  || ,TRUE,igd
rs7717,21,47549510,-0.011235,0.023472,520580,0.632,0.127,C,G,Type 1 diabetes || id:ebi-a-GCST90014023,ebi-a-GCST90014023,Type 1 diabetes,Type 1 diabetes ||  || ,TRUE,igd
rs695786,22,43769443,0.00084,0.015426,520580,0.957,0.476,T,C,Type 1 diabetes || id:ebi-a-GCST90014023,ebi-a-GCST90014023,Type 1 diabetes,Type 1 diabetes ||  || ,TRUE,igd
rs145946056,22,50863300,-0.032576,0.063217,520580,0.606001,0.0151,G,A,Type 1 diabetes || id:ebi-a-GCST90014023,ebi-a-GCST90014023,Type 1 diabetes,Type 1 diabetes ||  || ,TRUE,igd
rs74479613,22,50963905,0.007312,0.025895,520580,0.778001,0.0896,T,C,Type 1 diabetes || id:ebi-a-GCST90014023,ebi-a-GCST90014023,Type 1 diabetes,Type 1 diabetes ||  || ,TRUE,igd
rs149340507,19,14171734,-0.072893,0.077636,520580,0.348,0.0121,A,G,Type 1 diabetes || id:ebi-a-GCST90014023,ebi-a-GCST90014023,Type 1 diabetes,Type 1 diabetes ||  || ,TRUE,igd
rs2279011,19,41269288,-0.013545,0.015341,520580,0.377,0.507,T,G,Type 1 diabetes || id:ebi-a-GCST90014023,ebi-a-GCST90014023,Type 1 diabetes,Type 1 diabetes ||  || ,TRUE,igd
rs12977931,19,41734947,0.006875,0.063734,520580,0.914,0.0149,T,C,Type 1 diabetes || id:ebi-a-GCST90014023,ebi-a-GCST90014023,Type 1 diabetes,Type 1 diabetes ||  || ,TRUE,igd
rs78758748,19,54853556,0.010407,0.019712,520580,0.598,0.17,G,C,Type 1 diabetes || id:ebi-a-GCST90014023,ebi-a-GCST90014023,Type 1 diabetes,Type 1 diabetes ||  || ,TRUE,igd
rs2423507,20,10614339,0.009343,0.016066,520580,0.561,0.351,G,C,Type 1 diabetes || id:ebi-a-GCST90014023,ebi-a-GCST90014023,Type 1 diabetes,Type 1 diabetes ||  || ,TRUE,igd
